{"score": 0.9035546262415054, "_timestamp": 1655344045, "_runtime": 515, "_step": 26, "loss_tok2vec": 342.11884124096747, "loss_ner": 2432.7198975452443, "token_acc": 1.0, "token_p": 1.0, "token_r": 1.0, "token_f": 1.0, "ents_p": 0.8997917751171265, "ents_r": 0.9073490813648294, "ents_f": 0.9035546262415054, "ents_per_type": {"ARTIST": {"p": 0.9033437826541275, "r": 0.9076115485564304, "f": 0.9054726368159205}, "SONG": {"p": 0.8962655601659751, "r": 0.9070866141732283, "f": 0.901643621184451}}, "speed": 2469.798709052654, "_wandb": {"runtime": 516}}